{"_timestamp":1.7520696785587761e+09,"_runtime":1.2470389,"_step":0,"_wandb":{"runtime":1},"test_accuracy":0.7160493827160493}