{"_runtime":1.6540301,"_step":0,"test_accuracy":0.7160493827160493,"_wandb":{"runtime":1},"_timestamp":1.7520697194045496e+09}