{"_wandb":{"runtime":1},"test_accuracy":0.7530864197530864,"_timestamp":1.7520696862360256e+09,"_runtime":1.5606581,"_step":0}