{"_step":33,"_timestamp":1.7520696924106066e+09,"train_acc":0.9171122994652406,"epoch":34,"train_loss":0.3003669435327703,"val_loss":1.0939705610275268,"val_acc":0.7875,"_runtime":4.4165876,"_wandb":{"runtime":4}}