{"_runtime":1.3761297,"_step":0,"_wandb":{"runtime":1},"test_accuracy":0.7901234567901234,"_timestamp":1.7520696952130394e+09}